[{"model": "realty.apartment", "pk": 1, "fields": {"num": 1, "on_sale": true, "type": 1, "floor": 1, "section": 1, "building": 1}}, {"model": "realty.apartment", "pk": 2, "fields": {"num": 2, "on_sale": true, "type": 2, "floor": 1, "section": 1, "building": 1}}, {"model": "realty.apartment", "pk": 3, "fields": {"num": 3, "on_sale": true, "type": 1, "floor": 1, "section": 1, "building": 1}}, {"model": "realty.apartment", "pk": 4, "fields": {"num": 4, "on_sale": true, "type": 2, "floor": 1, "section": 1, "building": 1}}, {"model": "realty.apartment", "pk": 5, "fields": {"num": 5, "on_sale": true, "type": 1, "floor": 1, "section": 1, "building": 1}}, {"model": "realty.apartment", "pk": 6, "fields": {"num": 6, "on_sale": true, "type": 2, "floor": 1, "section": 1, "building": 1}}, {"model": "realty.floor", "pk": 1, "fields": {"floor_number": 1, "section": 1}}, {"model": "realty.floor", "pk": 2, "fields": {"floor_number": 2, "section": 1}}, {"model": "realty.floor", "pk": 3, "fields": {"floor_number": 3, "section": 1}}, {"model": "realty.floor", "pk": 4, "fields": {"floor_number": 4, "section": 1}}, {"model": "realty.floor", "pk": 5, "fields": {"floor_number": 5, "section": 1}}, {"model": "realty.floor", "pk": 6, "fields": {"floor_number": 6, "section": 1}}, {"model": "realty.floor", "pk": 7, "fields": {"floor_number": 7, "section": 1}}, {"model": "realty.floor", "pk": 8, "fields": {"floor_number": 8, "section": 1}}, {"model": "realty.floor", "pk": 9, "fields": {"floor_number": 9, "section": 1}}, {"model": "realty.floor", "pk": 10, "fields": {"floor_number": 10, "section": 1}}, {"model": "realty.floor", "pk": 11, "fields": {"floor_number": 11, "section": 1}}, {"model": "realty.floor", "pk": 12, "fields": {"floor_number": 12, "section": 1}}, {"model": "realty.floor", "pk": 13, "fields": {"floor_number": 13, "section": 1}}, {"model": "realty.floor", "pk": 14, "fields": {"floor_number": 14, "section": 1}}, {"model": "realty.floor", "pk": 15, "fields": {"floor_number": 15, "section": 1}}, {"model": "realty.floor", "pk": 16, "fields": {"floor_number": 16, "section": 1}}, {"model": "realty.section", "pk": 1, "fields": {"name": "S1", "building": 1}}, {"model": "realty.section", "pk": 2, "fields": {"name": "S2", "building": 1}}, {"model": "realty.section", "pk": 3, "fields": {"name": "S3", "building": 1}}, {"model": "realty.section", "pk": 4, "fields": {"name": "S1", "building": 2}}, {"model": "realty.section", "pk": 5, "fields": {"name": "S2", "building": 2}}, {"model": "realty.section", "pk": 6, "fields": {"name": "S3", "building": 2}}, {"model": "realty.section", "pk": 7, "fields": {"name": "S1", "building": 3}}, {"model": "realty.section", "pk": 8, "fields": {"name": "S2", "building": 3}}, {"model": "realty.section", "pk": 9, "fields": {"name": "S3", "building": 3}}, {"model": "realty.apartmenttype", "pk": 1, "fields": {"plane": "Студия", "rooms": 1, "total_area": 30, "living_area": 20, "kitchen_area": 5, "is_balcony": false, "price_square": 100000, "price_flat": 3000000}}, {"model": "realty.apartmenttype", "pk": 2, "fields": {"plane": "Однокомнатная", "rooms": 1, "total_area": 45, "living_area": 30, "kitchen_area": 8, "is_balcony": true, "price_square": 100000, "price_flat": 4500000}}, {"model": "realty.apartmenttype", "pk": 3, "fields": {"plane": "Двухкомнатная", "rooms": 2, "total_area": 60, "living_area": 45, "kitchen_area": 8, "is_balcony": true, "price_square": 107000, "price_flat": 6420000}}, {"model": "realty.apartmenttype", "pk": 4, "fields": {"plane": "Трехкомнатная", "rooms": 3, "total_area": 90, "living_area": 60, "kitchen_area": 10, "is_balcony": true, "price_square": 111000, "price_flat": 9990000}}, {"model": "realty.apartmenttype", "pk": 5, "fields": {"plane": "Пентхауз", "rooms": 5, "total_area": 200, "living_area": 150, "kitchen_area": 30, "is_balcony": true, "price_square": 150000, "price_flat": 30000000}}, {"model": "realty.building", "pk": 1, "fields": {"num": 8, "on_street": "Кирова", "project": 2}}, {"model": "realty.building", "pk": 2, "fields": {"num": 10, "on_street": "Кирова", "project": 2}}, {"model": "realty.building", "pk": 3, "fields": {"num": 12, "on_street": "Кирова", "project": 2}}, {"model": "realty.project", "pk": 1, "fields": {"name": "Skyline Residence", "description": "Эксклюзивный многоэтажный комплекс премиум-класса с панорамными видами, роскошными апартаментами и высоким уровнем безопасности. Предлагает жильцам широкие возможности для отдыха, включая бассейн, тренажёрный зал и террасы.", "amount_floors": 24, "rating": "S"}}, {"model": "realty.project", "pk": 2, "fields": {"name": "CityLife Apartments", "description": "Современный жилой комплекс с просторными квартирами для комфортного проживания. Отличается стильной архитектурой и развитой инфраструктурой поблизости: торговые центры, школы, парки. Идеально подходит для семей, стремящихся к удобству и высокому уровню жизни.Современный жилой комплекс с просторными квартирами для комфортного проживания. Отличается стильной архитектурой и развитой инфраструктурой поблизости: торговые центры, школы, парки. Идеально подходит для семей, стремящихся к удобству и высокому уровню жизни.", "amount_floors": 16, "rating": "A"}}, {"model": "realty.project", "pk": 3, "fields": {"name": "GreenHill Residences", "description": "Доступное жилье для семей и молодых специалистов. Комплекс сочетает качество и удобство по привлекательной цене. Рядом расположены магазины, детские площадки и зелёные зоны для отдыха.", "amount_floors": 9, "rating": "B"}}]